Id,Pred
2016_1112_1114,0.598296901277
2016_1112_1122,0.952254180664
2016_1112_1124,0.569565674242
2016_1112_1138,0.790052842419
2016_1112_1139,0.558300062828
2016_1112_1143,0.497392867957
2016_1112_1151,0.644751930278
2016_1112_1153,0.597539588643
2016_1112_1160,0.622540031706
2016_1112_1163,0.565864471904
2016_1112_1167,0.810307836838
2016_1112_1173,0.449933556911
2016_1112_1181,0.482592390019
2016_1112_1192,0.944623999958
2016_1112_1195,0.905004102736
2016_1112_1201,0.704337367385
2016_1112_1211,0.57220171034
2016_1112_1214,0.896950535246
2016_1112_1218,0.640025408064
2016_1112_1221,0.98
2016_1112_1231,0.531776226083
2016_1112_1233,0.778912658094
2016_1112_1234,0.537979934944
2016_1112_1235,0.532921959682
2016_1112_1242,0.270837360123
2016_1112_1246,0.497984627195
2016_1112_1268,0.548952399062
2016_1112_1274,0.40566818745
2016_1112_1276,0.603009755888
2016_1112_1277,0.363862206139
2016_1112_1292,0.767078194238
2016_1112_1314,0.42708664563
2016_1112_1320,0.76846870839
2016_1112_1323,0.563534574182
2016_1112_1328,0.406558274675
2016_1112_1332,0.292216857146
2016_1112_1333,0.616953768338
2016_1112_1338,0.584910952857
2016_1112_1344,0.524599537749
2016_1112_1345,0.484273363532
2016_1112_1355,0.716099650836
2016_1112_1371,0.462996179169
2016_1112_1372,0.780800265668
2016_1112_1380,0.918884316914
2016_1112_1386,0.520805667714
2016_1112_1392,0.751948887783
2016_1112_1393,0.637477053467
2016_1112_1396,0.637685492843
2016_1112_1400,0.563246515466
2016_1112_1401,0.536683109516
2016_1112_1403,0.582901505353
2016_1112_1409,0.579862268127
2016_1112_1421,0.88204518923
2016_1112_1423,0.598577757557
2016_1112_1425,0.554168720046
2016_1112_1428,0.428610254584
2016_1112_1433,0.594166100777
2016_1112_1435,0.705656632079
2016_1112_1437,0.276115709924
2016_1112_1438,0.294574025283
2016_1112_1451,0.829727845674
2016_1112_1452,0.450171629743
2016_1112_1453,0.838761505776
2016_1112_1455,0.570022966615
2016_1112_1458,0.612114909388
2016_1112_1462,0.353551502632
2016_1112_1463,0.707679246681
2016_1114_1122,0.911063645271
2016_1114_1124,0.470460928589
2016_1114_1138,0.706530277184
2016_1114_1139,0.459064931749
2016_1114_1143,0.399199414425
2016_1114_1151,0.549258685187
2016_1114_1153,0.499212607839
2016_1114_1160,0.52547044406
2016_1114_1163,0.466705457767
2016_1114_1167,0.730483482409
2016_1114_1173,0.354500991626
2016_1114_1181,0.385082155975
2016_1114_1192,0.900749958818
2016_1114_1195,0.848352232697
2016_1114_1201,0.559661021748
2016_1114_1211,0.473142474583
2016_1114_1214,0.837932490624
2016_1114_1218,0.544159900605
2016_1114_1221,0.951008780471
2016_1114_1231,0.4326378195
2016_1114_1233,0.64353479774
2016_1114_1234,0.438768772159
2016_1114_1235,0.433767834736
2016_1114_1242,0.190799791597
2016_1114_1246,0.399767270197
2016_1114_1268,0.449687222946
2016_1114_1274,0.264260492698
2016_1114_1276,0.504911915553
2016_1114_1277,0.227476574209
2016_1114_1292,0.629865759045
2016_1114_1314,0.283561422157
2016_1114_1320,0.631464615288
2016_1114_1323,0.464347147817
2016_1114_1328,0.265056337119
2016_1114_1332,0.208878822212
2016_1114_1333,0.519556274816
2016_1114_1338,0.486151836246
2016_1114_1344,0.425582976516
2016_1114_1345,0.386677312348
2016_1114_1355,0.57254035058
2016_1114_1371,0.366639711565
2016_1114_1372,0.645727958703
2016_1114_1380,0.866491664042
2016_1114_1386,0.421869738197
2016_1114_1392,0.612592354517
2016_1114_1393,0.54141914953
2016_1114_1396,0.541643107676
2016_1114_1400,0.464055884114
2016_1114_1401,0.437484646874
2016_1114_1403,0.484085992171
2016_1114_1409,0.480967860117
2016_1114_1421,0.818848112119
2016_1114_1423,0.500292303827
2016_1114_1425,0.454911624535
2016_1114_1428,0.284946446853
2016_1114_1433,0.495710499158
2016_1114_1435,0.56109925681
2016_1114_1437,0.195236845445
2016_1114_1438,0.210889633583
2016_1114_1451,0.753851779837
2016_1114_1452,0.35472113175
2016_1114_1453,0.764859265195
2016_1114_1455,0.470925706108
2016_1114_1458,0.514455348813
2016_1114_1462,0.218580253621
2016_1114_1463,0.563307358236
2016_1122_1124,0.0753793900865
2016_1122_1138,0.185721350696
2016_1122_1139,0.0704411216803
2016_1122_1143,0.0468300027856
2016_1122_1151,0.114313689582
2016_1122_1153,0.0885600581866
2016_1122_1160,0.101590339284
2016_1122_1163,0.0737348844476
2016_1122_1167,0.205753667787
2016_1122_1173,0.0314008273041
2016_1122_1181,0.0417723613972
2016_1122_1192,0.479098021864
2016_1122_1195,0.389806785214
2016_1122_1201,0.120178115031
2016_1122_1211,0.0765641372399
2016_1122_1214,0.374808176597
2016_1122_1218,0.111507933521
2016_1122_1221,0.594917488866
2016_1122_1231,0.0595594674838
2016_1122_1233,0.175584729067
2016_1122_1234,0.0620159672266
2016_1122_1235,0.0600092480519
2016_1122_1242,0.02
2016_1122_1246,0.0470372116228
2016_1122_1268,0.0664911066743
2016_1122_1274,0.02
2016_1122_1276,0.0913037272192
2016_1122_1277,0.02
2016_1122_1292,0.165428111166
2016_1122_1314,0.0247252366091
2016_1122_1320,0.166590558804
2016_1122_1323,0.0727108619657
2016_1122_1328,0.02
2016_1122_1332,0.02
2016_1122_1333,0.0985667341893
2016_1122_1338,0.0824395670349
2016_1122_1344,0.056781397122
2016_1122_1345,0.042334959617
2016_1122_1355,0.127711685806
2016_1122_1371,0.0354257025022
2016_1122_1372,0.177261615975
2016_1122_1380,0.417901165152
2016_1122_1386,0.0553396248313
2016_1122_1392,0.153278264531
2016_1122_1393,0.110017917201
2016_1122_1396,0.110139201731
2016_1122_1400,0.0725848498764
2016_1122_1401,0.0614981510957
2016_1122_1403,0.0814921530575
2016_1122_1409,0.0800725706857
2016_1122_1421,0.29925092284
2016_1122_1423,0.0890763587454
2016_1122_1425,0.06867930069
2016_1122_1428,0.0251567164681
2016_1122_1433,0.0868963960406
2016_1122_1435,0.121004142641
2016_1122_1437,0.02
2016_1122_1438,0.02
2016_1122_1451,0.227189803501
2016_1122_1452,0.0314727813397
2016_1122_1453,0.238014016591
2016_1122_1455,0.075584104814
2016_1122_1458,0.0960012694092
2016_1122_1462,0.02
2016_1122_1463,0.122279681513
2016_1124_1138,0.732690403093
2016_1124_1139,0.48854852536
2016_1124_1143,0.427879426144
2016_1124_1151,0.578341701581
2016_1124_1153,0.528754264191
2016_1124_1160,0.554844372005
2016_1124_1163,0.496229606435
2016_1124_1167,0.755637210452
2016_1124_1173,0.382011566422
2016_1124_1181,0.413445886013
2016_1124_1192,0.915155723536
2016_1124_1195,0.86672596363
2016_1124_1201,0.588575606639
2016_1124_1211,0.502689992136
2016_1124_1214,0.857026156532
2016_1124_1218,0.573316335209
2016_1124_1221,0.961070594282
2016_1124_1231,0.461873341443
2016_1124_1233,0.720187486512
2016_1124_1234,0.468076794315
2016_1124_1235,0.463017400363
2016_1124_1242,0.213082941403
2016_1124_1246,0.428458984648
2016_1124_1268,0.479101970526
2016_1124_1274,0.290294542265
2016_1124_1276,0.534430914014
2016_1124_1277,0.251804508134
2016_1124_1292,0.706995733519
2016_1124_1314,0.360354169781
2016_1124_1320,0.708540928996
2016_1124_1323,0.493860264792
2016_1124_1328,0.291123519351
2016_1124_1332,0.232213076669
2016_1124_1333,0.548982073639
2016_1124_1338,0.515716533505
2016_1124_1344,0.454723853055
2016_1124_1345,0.415079225868
2016_1124_1355,0.601211837807
2016_1124_1371,0.39451655765
2016_1124_1372,0.722300168476
2016_1124_1380,0.883557153646
2016_1124_1386,0.450955966786
2016_1124_1392,0.640265322481
2016_1124_1393,0.570612558661
2016_1124_1396,0.570833560844
2016_1124_1400,0.493567546616
2016_1124_1401,0.466778233522
2016_1124_1403,0.513650641137
2016_1124_1409,0.510530521932
2016_1124_1421,0.839200355597
2016_1124_1423,0.529830254764
2016_1124_1425,0.484367323293
2016_1124_1428,0.361790049975
2016_1124_1433,0.525262284037
2016_1124_1435,0.58998858886
2016_1124_1437,0.217785765749
2016_1124_1438,0.234335598
2016_1124_1451,0.77790145913
2016_1124_1452,0.382238673953
2016_1124_1453,0.788347347271
2016_1124_1455,0.500466289149
2016_1124_1458,0.543919316472
2016_1124_1462,0.242443900931
2016_1124_1463,0.592156992279
2016_1138_1139,0.257469234315
2016_1138_1143,0.207945944895
2016_1138_1151,0.389314614199
2016_1138_1153,0.292759805605
2016_1138_1160,0.366816161047
2016_1138_1163,0.26405149656
2016_1138_1167,0.527004828834
2016_1138_1173,0.173188229189
2016_1138_1181,0.196772208679
2016_1138_1192,0.798875739653
2016_1138_1195,0.724400796276
2016_1138_1201,0.399371726882
2016_1138_1211,0.269645014242
2016_1138_1214,0.710301413442
2016_1138_1218,0.384434248571
2016_1138_1221,0.876441411897
2016_1138_1231,0.235168426165
2016_1138_1233,0.485721240779
2016_1138_1234,0.240278778968
2016_1138_1235,0.236107499568
2016_1138_1242,0.0923179622475
2016_1138_1246,0.208399288317
2016_1138_1268,0.249473855535
2016_1138_1274,0.14338777967
2016_1138_1276,0.297913859366
2016_1138_1277,0.117300201785
2016_1138_1292,0.470975396605
2016_1138_1314,0.157511538155
2016_1138_1320,0.472686001638
2016_1138_1323,0.262013255623
2016_1138_1328,0.143964103991
2016_1138_1332,0.104507833395
2016_1138_1333,0.361327969149
2016_1138_1338,0.281086104041
2016_1138_1344,0.229334367126
2016_1138_1345,0.198025523533
2016_1138_1355,0.412013777119
2016_1138_1371,0.182449758523
2016_1138_1372,0.488113029223
2016_1138_1380,0.749493383368
2016_1138_1386,0.226283412344
2016_1138_1392,0.452729638792
2016_1138_1393,0.38182412381
2016_1138_1396,0.382037062842
2016_1138_1400,0.261761930552
2016_1138_1401,0.239205291992
2016_1138_1403,0.279256970514
2016_1138_1409,0.276504978914
2016_1138_1421,0.635051157474
2016_1138_1423,0.293733382157
2016_1138_1425,0.253916884025
2016_1138_1428,0.158536949166
2016_1138_1433,0.289610941597
2016_1138_1435,0.400772949764
2016_1138_1437,0.0952876282612
2016_1138_1438,0.105878465805
2016_1138_1451,0.554245079359
2016_1138_1452,0.173355041508
2016_1138_1453,0.567395525651
2016_1138_1455,0.267713729518
2016_1138_1458,0.356627389637
2016_1138_1462,0.111148447259
2016_1138_1463,0.402929341116
2016_1139_1143,0.439129700872
2016_1139_1151,0.589471994112
2016_1139_1153,0.540152739608
2016_1139_1160,0.566129603811
2016_1139_1163,0.507682293864
2016_1139_1167,0.765062829067
2016_1139_1173,0.392884017425
2016_1139_1181,0.424598305384
2016_1139_1192,0.920411536554
2016_1139_1195,0.873484287689
2016_1139_1201,0.599622773315
2016_1139_1211,0.514139610568
2016_1139_1214,0.864060733799
2016_1139_1218,0.584483974422
2016_1139_1221,0.964713207763
2016_1139_1231,0.473278034639
2016_1139_1233,0.730233831966
2016_1139_1234,0.479498176051
2016_1139_1235,0.474425437605
2016_1139_1242,0.222060683924
2016_1139_1246,0.439712786047
2016_1139_1268,0.490544279761
2016_1139_1274,0.350653375741
2016_1139_1276,0.545810026618
2016_1139_1277,0.261544992784
2016_1139_1292,0.717244396399
2016_1139_1314,0.370980250576
2016_1139_1320,0.718766699569
2016_1139_1323,0.50531311968
2016_1139_1328,0.351494142368
2016_1139_1332,0.241585328746
2016_1139_1333,0.560298146632
2016_1139_1338,0.527148349995
2016_1139_1344,0.466104918913
2016_1139_1345,0.426243686741
2016_1139_1355,0.612143296201
2016_1139_1371,0.405511376138
2016_1139_1372,0.732312665534
2016_1139_1380,0.889816547979
2016_1139_1386,0.462322685978
2016_1139_1392,0.700748139135
2016_1139_1393,0.581799344293
2016_1139_1396,0.582018806354
2016_1139_1400,0.505020386492
2016_1139_1401,0.478196414846
2016_1139_1403,0.525086315987
2016_1139_1409,0.521971284631
2016_1139_1421,0.846721067031
2016_1139_1423,0.541225285689
2016_1139_1425,0.49581568773
2016_1139_1428,0.372433818747
2016_1139_1433,0.536671210604
2016_1139_1435,0.601023533835
2016_1139_1437,0.226863697909
2016_1139_1438,0.24374949169
2016_1139_1451,0.786879999344
2016_1139_1452,0.393113476989
2016_1139_1453,0.797100957104
2016_1139_1455,0.511917395273
2016_1139_1458,0.555259509163
2016_1139_1462,0.252012959401
2016_1139_1463,0.603172830316
2016_1143_1151,0.647136738238
2016_1143_1153,0.600044731078
2016_1143_1160,0.624987221581
2016_1143_1163,0.568424375745
2016_1143_1167,0.812203015368
2016_1143_1173,0.45251566489
2016_1143_1181,0.485196601158
2016_1143_1192,0.945603000381
2016_1143_1195,0.906292065371
2016_1143_1201,0.706692090511
2016_1143_1211,0.574752328299
2016_1143_1214,0.898297342826
2016_1143_1218,0.642424348534
2016_1143_1221,0.98
2016_1143_1231,0.534371735268
2016_1143_1233,0.780968233311
2016_1143_1234,0.54057076557
2016_1143_1235,0.535516665169
2016_1143_1242,0.273113793349
2016_1143_1246,0.50059153787
2016_1143_1268,0.551532991997
2016_1143_1274,0.4081847713
2016_1143_1276,0.605503328385
2016_1143_1277,0.366279275846
2016_1143_1292,0.769188935737
2016_1143_1314,0.429640048444
2016_1143_1320,0.770573118402
2016_1143_1323,0.566097681873
2016_1143_1328,0.409076579658
2016_1143_1332,0.294568023409
2016_1143_1333,0.619415034419
2016_1143_1338,0.58744042987
2016_1143_1344,0.527199458952
2016_1143_1345,0.486878109904
2016_1143_1355,0.718414851264
2016_1143_1371,0.465589799866
2016_1143_1372,0.782846773623
2016_1143_1380,0.920067721721
2016_1143_1386,0.523407487632
2016_1143_1392,0.754125929316
2016_1143_1393,0.639883421167
2016_1143_1396,0.640091258106
2016_1143_1400,0.56581001142
2016_1143_1401,0.539274984429
2016_1143_1403,0.585434548577
2016_1143_1409,0.582400545567
2016_1143_1421,0.883497375462
2016_1143_1423,0.601080751992
2016_1143_1425,0.556743566722
2016_1143_1428,0.431165911134
2016_1143_1433,0.596678068334
2016_1143_1435,0.708007065262
2016_1143_1437,0.278411484798
2016_1143_1438,0.29693284471
2016_1143_1451,0.831513600242
2016_1143_1452,0.452753979429
2016_1143_1453,0.84049370208
2016_1143_1455,0.572576871333
2016_1143_1458,0.614587844285
2016_1143_1462,0.355938403645
2016_1143_1463,0.710023032653
2016_1151_1153,0.449961820861
2016_1151_1160,0.47609191009
2016_1151_1163,0.417984939911
2016_1151_1167,0.636063545032
2016_1151_1173,0.260670201387
2016_1151_1181,0.289458701673
2016_1151_1192,0.873874274919
2016_1151_1195,0.81465137054
2016_1151_1201,0.510526210042
2016_1151_1211,0.424284599146
2016_1151_1214,0.803028915671
2016_1151_1218,0.494856597747
2016_1151_1221,0.931927234795
2016_1151_1231,0.384906860781
2016_1151_1233,0.597020098712
2016_1151_1234,0.390827351457
2016_1151_1235,0.385997023712
2016_1151_1242,0.156529179542
2016_1151_1246,0.353403887194
2016_1151_1268,0.401406067839
2016_1151_1274,0.223298543826
2016_1151_1276,0.455610404561
2016_1151_1277,0.189633712486
2016_1151_1292,0.582723949061
2016_1151_1314,0.241151857318
2016_1151_1320,0.584392075292
2016_1151_1323,0.415680925026
2016_1151_1328,0.224032108262
2016_1151_1332,0.172790262405
2016_1151_1333,0.470182831604
2016_1151_1338,0.437065008205
2016_1151_1344,0.378111638772
2016_1151_1345,0.290969662453
2016_1151_1355,0.523619390818
2016_1151_1371,0.272056890347
2016_1151_1372,0.599321258862
2016_1151_1380,0.835005997316
2016_1151_1386,0.374542522406
2016_1151_1392,0.564770713229
2016_1151_1393,0.492096095795
2016_1151_1396,0.492321555081
2016_1151_1400,0.415396514561
2016_1151_1401,0.389586137519
2016_1151_1403,0.435031158657
2016_1151_1409,0.431964442206
2016_1151_1421,0.781872368403
2016_1151_1423,0.451030933449
2016_1151_1425,0.406483867309
2016_1151_1428,0.242438059114
2016_1151_1433,0.446497168534
2016_1151_1435,0.511984989766
2016_1151_1437,0.160509848281
2016_1151_1438,0.174605712507
2016_1151_1451,0.711062426545
2016_1151_1452,0.260876231707
2016_1151_1453,0.72292127208
2016_1151_1455,0.422113339925
2016_1151_1458,0.465097389203
2016_1151_1462,0.181561840624
2016_1151_1463,0.514226262516
2016_1153_1160,0.526255657624
2016_1153_1163,0.467489368528
2016_1153_1167,0.731167827553
2016_1153_1173,0.35522197151
2016_1153_1181,0.38582815586
2016_1153_1192,0.901149395552
2016_1153_1195,0.848858746354
2016_1153_1201,0.560436985916
2016_1153_1211,0.473927588954
2016_1153_1214,0.838458242198
2016_1153_1218,0.544940970205
2016_1153_1221,0.9512893165
2016_1153_1231,0.433411012784
2016_1153_1233,0.64425690876
2016_1153_1234,0.439544433882
2016_1153_1235,0.434541500794
2016_1153_1242,0.191375998092
2016_1153_1246,0.400523188893
2016_1153_1268,0.450466694068
2016_1153_1274,0.264939562063
2016_1153_1276,0.505699147016
2016_1153_1277,0.228108394805
2016_1153_1292,0.630599665568
2016_1153_1314,0.284261868244
2016_1153_1320,0.632197202799
2016_1153_1323,0.465130552271
2016_1153_1328,0.265736334379
2016_1153_1332,0.209483503773
2016_1153_1333,0.520342341592
2016_1153_1338,0.486938586238
2016_1153_1344,0.426353036241
2016_1153_1345,0.387424455481
2016_1153_1355,0.57331092234
2016_1153_1371,0.367371328646
2016_1153_1372,0.646448067753
2016_1153_1380,0.86696306012
2016_1153_1386,0.422638022599
2016_1153_1392,0.613339485695
2016_1153_1393,0.542200964441
2016_1153_1396,0.542424863458
2016_1153_1400,0.464839223606
2016_1153_1401,0.438259811197
2016_1153_1403,0.484872553642
2016_1153_1409,0.481754086126
2016_1153_1421,0.819407330597
2016_1153_1423,0.501079622456
2016_1153_1425,0.455692652699
2016_1153_1428,0.285648336547
2016_1153_1433,0.49649777147
2016_1153_1435,0.561874670597
2016_1153_1437,0.195820231525
2016_1153_1438,0.211497354719
2016_1153_1451,0.754507808305
2016_1153_1452,0.355442312817
2016_1153_1453,0.765500765866
2016_1153_1455,0.471710435453
2016_1153_1458,0.515241974562
2016_1153_1462,0.219199364534
2016_1153_1463,0.56408190169
2016_1160_1163,0.44143353492
2016_1160_1167,0.707916679486
2016_1160_1173,0.281527798951
2016_1160_1181,0.361236228412
2016_1160_1192,0.887334082257
2016_1160_1195,0.831436419099
2016_1160_1201,0.534399528329
2016_1160_1211,0.447814681987
2016_1160_1214,0.820393974811
2016_1160_1218,0.518773778293
2016_1160_1221,0.941534620523
2016_1160_1231,0.407800001991
2016_1160_1233,0.619816364134
2016_1160_1234,0.413835710175
2016_1160_1235,0.408911899411
2016_1160_1242,0.17265335377
2016_1160_1246,0.375567381703
2016_1160_1268,0.424603118464
2016_1160_1274,0.242712525622
2016_1160_1276,0.479431034381
2016_1160_1277,0.207503671635
2016_1160_1292,0.605794947352
2016_1160_1314,0.261290805262
2016_1160_1320,0.607432976729
2016_1160_1323,0.439097781127
2016_1160_1328,0.243477155129
2016_1160_1332,0.189800298417
2016_1160_1333,0.494073879692
2016_1160_1338,0.460736644575
2016_1160_1344,0.400864016173
2016_1160_1345,0.362790883735
2016_1160_1355,0.547420225931
2016_1160_1371,0.29329824004
2016_1160_1372,0.622069753708
2016_1160_1380,0.850717692711
2016_1160_1386,0.397217310453
2016_1160_1392,0.58813275295
2016_1160_1393,0.516016148068
2016_1160_1396,0.516241427453
2016_1160_1400,0.438809380817
2016_1160_1401,0.412570913496
2016_1160_1403,0.458682395049
2016_1160_1409,0.455583397958
2016_1160_1421,0.800231587222
2016_1160_1423,0.47482096629
2016_1160_1425,0.429763682099
2016_1160_1428,0.262626736211
2016_1160_1433,0.470252911672
2016_1160_1435,0.535851844555
2016_1160_1437,0.176855948981
2016_1160_1438,0.191711250716
2016_1160_1451,0.732164549186
2016_1160_1452,0.281741004778
2016_1160_1453,0.743627249052
2016_1160_1455,0.44561621176
2016_1160_1458,0.488968514559
2016_1160_1462,0.199027003778
2016_1160_1463,0.538082398301
2016_1163_1167,0.758760069495
2016_1163_1173,0.385578237752
2016_1163_1181,0.417107957266
2016_1163_1192,0.91690546744
2016_1163_1195,0.86897264026
2016_1163_1201,0.592222686788
2016_1163_1211,0.506460002829
2016_1163_1214,0.85936398451
2016_1163_1218,0.577001468193
2016_1163_1221,0.962284950583
2016_1163_1231,0.465623848207
2016_1163_1233,0.723512420045
2016_1163_1234,0.471833506692
2016_1163_1235,0.466769139013
2016_1163_1242,0.216017201176
2016_1163_1246,0.432156059459
2016_1163_1268,0.482866843516
2016_1163_1274,0.29368833329
2016_1163_1276,0.538181360885
2016_1163_1277,0.254991900858
2016_1163_1292,0.710386265022
2016_1163_1314,0.363837683141
2016_1163_1320,0.711924046191
2016_1163_1323,0.497630318136
2016_1163_1328,0.294521260285
2016_1163_1332,0.235278103
2016_1163_1333,0.552713406844
2016_1163_1338,0.519482188551
2016_1163_1344,0.458465765673
2016_1163_1345,0.418745436079
2016_1163_1355,0.604822111677
2016_1163_1371,0.398124766742
2016_1163_1372,0.72561411244
2016_1163_1380,0.885639025905
2016_1163_1386,0.45469272859
2016_1163_1392,0.643731552116
2016_1163_1393,0.574303704337
2016_1163_1396,0.5745242233
2016_1163_1400,0.497337561099
2016_1163_1401,0.470533743086
2016_1163_1403,0.517417328254
2016_1163_1409,0.514298523921
2016_1163_1421,0.841698398369
2016_1163_1423,0.53358541836
2016_1163_1425,0.488134798741
2016_1163_1428,0.365279517177
2016_1163_1433,0.529021500107
2016_1163_1435,0.593631791474
2016_1163_1437,0.22075320615
2016_1163_1438,0.237414445924
2016_1163_1451,0.780878202896
2016_1163_1452,0.385806141932
2016_1163_1453,0.791250436162
2016_1163_1455,0.50423653212
2016_1163_1458,0.547658022885
2016_1163_1462,0.24557428596
2016_1163_1463,0.595794127682
2016_1167_1173,0.155004163739
2016_1167_1181,0.177228721148
2016_1167_1192,0.778000435307
2016_1167_1195,0.70022614229
2016_1167_1201,0.373739448098
2016_1167_1211,0.246602843606
2016_1167_1214,0.635645493104
2016_1167_1218,0.35918735256
2016_1167_1221,0.860381319624
2016_1167_1231,0.213648465135
2016_1167_1233,0.458780118505
2016_1167_1234,0.21851803414
2016_1167_1235,0.214542898261
2016_1167_1242,0.0796232801859
2016_1167_1246,0.188226209524
2016_1167_1268,0.227293119753
2016_1167_1274,0.127078212592
2016_1167_1276,0.273803741226
2016_1167_1277,0.10277405062
2016_1167_1292,0.444145812043
2016_1167_1314,0.140291836901
2016_1167_1320,0.445841094675
2016_1167_1323,0.239287310152
2016_1167_1328,0.127616634823
2016_1167_1332,0.0909044538468
2016_1167_1333,0.286768347616
2016_1167_1338,0.25759205666
2016_1167_1344,0.208095707728
2016_1167_1345,0.178412877458
2016_1167_1355,0.386091681895
2016_1167_1371,0.163718718955
2016_1167_1372,0.461158203958
2016_1167_1380,0.726287510316
2016_1167_1386,0.205194582458
2016_1167_1392,0.426102268311
2016_1167_1393,0.356649327312
2016_1167_1396,0.356856331386
2016_1167_1400,0.239046599896
2016_1167_1401,0.217494690388
2016_1167_1403,0.255833375409
2016_1167_1409,0.253188666854
2016_1167_1421,0.609645981226
2016_1167_1423,0.269770902222
2016_1167_1425,0.231539326922
2016_1167_1428,0.141252692419
2016_1167_1433,0.26579755622
2016_1167_1435,0.37510690347
2016_1167_1437,0.0823689354143
2016_1167_1438,0.0921747034991
2016_1167_1451,0.527400936056
2016_1167_1452,0.155160974612
2016_1167_1453,0.540687027778
2016_1167_1455,0.244750464569
2016_1167_1458,0.282221072491
2016_1167_1462,0.0970621002422
2016_1167_1463,0.377212129123
2016_1173_1181,0.532772943315
2016_1173_1192,0.962120632101
2016_1173_1195,0.928183462744
2016_1173_1201,0.748275296463
2016_1173_1211,0.620525278478
2016_1173_1214,0.921223445014
2016_1173_1218,0.734906521422
2016_1173_1221,0.98
2016_1173_1231,0.581325002667
2016_1173_1233,0.816750263653
2016_1173_1234,0.5873816075
2016_1173_1235,0.582444693934
2016_1173_1242,0.366099299428
2016_1173_1246,0.548070331087
2016_1173_1268,0.598057399303
2016_1173_1274,0.45488215129
2016_1173_1276,0.649982038154
2016_1173_1277,0.411516113481
2016_1173_1292,0.80601471505
2016_1173_1314,0.476814391457
2016_1173_1320,0.807278637635
2016_1173_1323,0.612173605877
2016_1173_1328,0.455797408248
2016_1173_1332,0.388768410932
2016_1173_1333,0.713197691669
2016_1173_1338,0.632720383532
2016_1173_1344,0.574299807105
2016_1173_1345,0.53444816022
2016_1173_1355,0.759206898739
2016_1173_1371,0.513160004681
2016_1173_1372,0.818458095575
2016_1173_1380,0.940129892428
2016_1173_1386,0.570577896495
2016_1173_1392,0.792219043823
2016_1173_1393,0.732518285863
2016_1173_1396,0.732713717591
2016_1173_1400,0.611895540248
2016_1173_1401,0.586116767819
2016_1173_1403,0.630796290039
2016_1173_1409,0.627883252486
2016_1173_1421,0.908286479889
2016_1173_1423,0.645766384295
2016_1173_1425,0.603116404217
2016_1173_1428,0.478367276352
2016_1173_1433,0.641562784612
2016_1173_1435,0.749503878168
2016_1173_1437,0.371714737885
2016_1173_1438,0.391255501118
2016_1173_1451,0.862299221892
2016_1173_1452,0.500240330243
2016_1173_1453,0.870304931532
2016_1173_1455,0.618428526235
2016_1173_1458,0.708619767113
2016_1173_1462,0.400705646592
2016_1173_1463,0.751386241227
2016_1181_1192,0.9510125935
2016_1181_1195,0.913428028757
2016_1181_1201,0.719918796355
2016_1181_1211,0.589160922174
2016_1181_1214,0.905763422673
2016_1181_1218,0.705912726233
2016_1181_1221,0.98
2016_1181_1231,0.549075102666
2016_1181_1233,0.7924555809
2016_1181_1234,0.555241306136
2016_1181_1235,0.550214309727
2016_1181_1242,0.286201421032
2016_1181_1246,0.51539424632
2016_1181_1268,0.566134435547
2016_1181_1274,0.422567042742
2016_1181_1276,0.619559666769
2016_1181_1277,0.380133419443
2016_1181_1292,0.780994149051
2016_1181_1314,0.444210866123
2016_1181_1320,0.782341797706
2016_1181_1323,0.580585530546
2016_1181_1328,0.423467789557
2016_1181_1332,0.358064958834
2016_1181_1333,0.633275898686
2016_1181_1338,0.601717026502
2016_1181_1344,0.541935167453
2016_1181_1345,0.501682664972
2016_1181_1355,0.731409025174
2016_1181_1371,0.48035301619
2016_1181_1372,0.794281970466
2016_1181_1380,0.926618203775
2016_1181_1386,0.538157847472
2016_1181_1392,0.766314602548
2016_1181_1393,0.703415937547
2016_1181_1396,0.703620192114
2016_1181_1400,0.580300344089
2016_1181_1401,0.553952760128
2016_1181_1403,0.599733262107
2016_1181_1409,0.596731820996
2016_1181_1421,0.891555792137
2016_1181_1423,0.615194526586
2016_1181_1425,0.571307225222
2016_1181_1428,0.445748034714
2016_1181_1433,0.610846762885
2016_1181_1435,0.721208474302
2016_1181_1437,0.291605400698
2016_1181_1438,0.360471466573
2016_1181_1451,0.841458450576
2016_1181_1452,0.467466211271
2016_1181_1453,0.85013433872
2016_1181_1455,0.58700621036
2016_1181_1458,0.628519078564
2016_1181_1462,0.369629549913
2016_1181_1463,0.723185273243
2016_1192_1195,0.409878696624
2016_1192_1201,0.132319972842
2016_1192_1211,0.0861046092978
2016_1192_1214,0.394607225748
2016_1192_1218,0.123160275925
2016_1192_1221,0.614907797755
2016_1192_1231,0.0679912779669
2016_1192_1233,0.190533867131
2016_1192_1234,0.0706112247901
2016_1192_1235,0.0684710685916
2016_1192_1242,0.02
2016_1192_1246,0.0546185251495
2016_1192_1268,0.0753812669413
2016_1192_1274,0.024414899271
2016_1192_1276,0.101762224102
2016_1192_1277,0.02
2016_1192_1292,0.179904001506
2016_1192_1314,0.0307191924095
2016_1192_1320,0.181121550492
2016_1192_1323,0.0820047703959
2016_1192_1328,0.0246694886713
2016_1192_1332,0.02
2016_1192_1333,0.109462969468
2016_1192_1338,0.09235075034
2016_1192_1344,0.0650270234976
2016_1192_1345,0.0495894147594
2016_1192_1355,0.140267805234
2016_1192_1371,0.0421924565316
2016_1192_1372,0.192287111691
2016_1192_1380,0.43838040708
2016_1192_1386,0.0634880634603
2016_1192_1392,0.16716371381
2016_1192_1393,0.121584757477
2016_1192_1396,0.121713016825
2016_1192_1400,0.0818706489761
2016_1192_1401,0.0700590474705
2016_1192_1403,0.0913439872969
2016_1192_1409,0.0898351696441
2016_1192_1421,0.368495658368
2016_1192_1423,0.0993986808647
2016_1192_1425,0.0777123163501
2016_1192_1428,0.0311822460136
2016_1192_1433,0.0970845625478
2016_1192_1435,0.133191925216
2016_1192_1437,0.02
2016_1192_1438,0.02
2016_1192_1451,0.244259290318
2016_1192_1452,0.0379565293137
2016_1192_1453,0.255468367321
2016_1192_1455,0.0850621250852
2016_1192_1458,0.106743986111
2016_1192_1462,0.02
2016_1192_1463,0.134538137138
2016_1195_1201,0.193011215174
2016_1195_1211,0.134890169766
2016_1195_1214,0.484125452216
2016_1195_1218,0.181666287562
2016_1195_1221,0.74687410556
2016_1195_1231,0.111497998047
2016_1195_1233,0.263181361601
2016_1195_1234,0.114903377599
2016_1195_1235,0.112122182745
2016_1195_1242,0.024170268729
2016_1195_1246,0.0939993685595
2016_1195_1268,0.121084333047
2016_1195_1274,0.0537437097831
2016_1195_1276,0.15482944073
2016_1195_1277,0.0384232684164
2016_1195_1292,0.250611777835
2016_1195_1314,0.0622314066054
2016_1195_1320,0.252056912195
2016_1195_1323,0.12962633617
2016_1195_1328,0.0540873555331
2016_1195_1332,0.0310748887306
2016_1195_1333,0.164541865108
2016_1195_1338,0.142875330896
2016_1195_1344,0.10763608522
2016_1195_1345,0.0873676157644
2016_1195_1355,0.202786825536
2016_1195_1371,0.077562222379
2016_1195_1372,0.26524433266
2016_1195_1380,0.529149239061
2016_1195_1386,0.105627303742
2016_1195_1392,0.235405339119
2016_1195_1393,0.179706331616
2016_1195_1396,0.179865981556
2016_1195_1400,0.129453832989
2016_1195_1401,0.114186283165
2016_1195_1403,0.141591061659
2016_1195_1409,0.13966434466
2016_1195_1421,0.456557595267
2016_1195_1423,0.151836085317
2016_1195_1425,0.124095944391
2016_1195_1428,0.0628530410299
2016_1195_1433,0.148899662764
2016_1195_1435,0.194086780399
2016_1195_1437,0.0258436819317
2016_1195_1438,0.0318571685445
2016_1195_1451,0.375118614249
2016_1195_1452,0.0719194308283
2016_1195_1453,0.387715679879
2016_1195_1455,0.133553410081
2016_1195_1458,0.161119625141
2016_1195_1462,0.0348762469913
2016_1195_1463,0.195745853096
2016_1201_1211,0.414032488545
2016_1201_1214,0.795114116234
2016_1201_1218,0.484333817683
2016_1201_1221,0.927471148482
2016_1201_1231,0.374986498587
2016_1201_1233,0.586848703021
2016_1201_1234,0.380848878357
2016_1201_1235,0.37606574284
2016_1201_1242,0.149713496434
2016_1201_1246,0.293841584152
2016_1201_1268,0.391331009086
2016_1201_1274,0.215015345368
2016_1201_1276,0.445186678464
2016_1201_1277,0.182045034118
2016_1201_1292,0.572450124896
2016_1201_1314,0.232537934307
2016_1201_1320,0.57412930637
2016_1201_1323,0.405490283371
2016_1201_1328,0.215734806771
2016_1201_1332,0.165583747894
2016_1201_1333,0.459707244095
2016_1201_1338,0.426732982671
2016_1201_1344,0.368261557164
2016_1201_1345,0.281571275507
2016_1201_1355,0.513106252064
2016_1201_1371,0.262932273829
2016_1201_1372,0.589167976861
2016_1201_1380,0.827813612767
2016_1201_1386,0.364730888218
2016_1201_1392,0.554392878059
2016_1201_1393,0.481576054372
2016_1201_1396,0.481801265951
2016_1201_1400,0.405208010176
2016_1201_1401,0.379619606182
2016_1201_1403,0.424710938602
2016_1201_1409,0.421662675815
2016_1201_1421,0.773528485122
2016_1201_1423,0.440627177209
2016_1201_1425,0.396365751081
2016_1201_1428,0.233801318286
2016_1201_1433,0.436114911009
2016_1201_1435,0.501459553538
2016_1201_1437,0.153596506115
2016_1201_1438,0.167356897152
2016_1201_1451,0.701564083151
2016_1201_1452,0.251927311342
2016_1201_1453,0.713586136736
2016_1201_1455,0.411876159942
2016_1201_1458,0.454637878973
2016_1201_1462,0.174153425368
2016_1201_1463,0.503702307416
2016_1211_1214,0.855344857081
2016_1211_1218,0.570682036894
2016_1211_1221,0.960194916098
2016_1211_1231,0.459200020254
2016_1211_1233,0.717804720762
2016_1211_1234,0.465398620474
2016_1211_1235,0.460343122024
2016_1211_1242,0.211002155301
2016_1211_1246,0.425826024193
2016_1211_1268,0.476417214075
2016_1211_1274,0.287883075668
2016_1211_1276,0.531752618418
2016_1211_1277,0.249541951649
2016_1211_1292,0.704566785497
2016_1211_1314,0.357877666516
2016_1211_1320,0.70611719581
2016_1211_1323,0.491170788635
2016_1211_1328,0.288709194382
2016_1211_1332,0.230038483626
2016_1211_1333,0.546316425658
2016_1211_1338,0.513028677373
2016_1211_1344,0.452057150494
2016_1211_1345,0.412469149275
2016_1211_1355,0.598629191796
2016_1211_1371,0.391949138828
2016_1211_1372,0.719925148678
2016_1211_1380,0.882058904835
2016_1211_1386,0.448293194325
2016_1211_1392,0.637783217611
2016_1211_1393,0.567974146498
2016_1211_1396,0.568195479022
2016_1211_1400,0.490878118526
2016_1211_1401,0.464101007023
2016_1211_1403,0.51096219185
2016_1211_1409,0.507841350984
2016_1211_1421,0.83740466053
2016_1211_1423,0.527148909579
2016_1211_1425,0.481680345407
2016_1211_1428,0.359309221892
2016_1211_1433,0.522578362013
2016_1211_1435,0.587383142377
2016_1211_1437,0.215681194095
2016_1211_1438,0.232151078804
2016_1211_1451,0.775765037381
2016_1211_1452,0.379701050091
2016_1211_1453,0.786263225999
2016_1211_1455,0.497776218533
2016_1211_1458,0.541248750442
2016_1211_1462,0.240222349017
2016_1211_1463,0.589555739081
2016_1214_1218,0.19316479157
2016_1214_1221,0.760121997049
2016_1214_1231,0.12028565142
2016_1214_1233,0.277003832157
2016_1214_1234,0.123837913254
2016_1214_1235,0.120936876227
2016_1214_1242,0.0286518450543
2016_1214_1246,0.102007474068
2016_1214_1268,0.13028145983
2016_1214_1274,0.0598002750818
2016_1214_1276,0.165369300908
2016_1214_1277,0.0436789110105
2016_1214_1292,0.264133217548
2016_1214_1314,0.0687178488367
2016_1214_1320,0.265614020227
2016_1214_1323,0.139177862636
2016_1214_1328,0.0601615170079
2016_1214_1332,0.0359349376986
2016_1214_1333,0.175439804815
2016_1214_1338,0.152957072698
2016_1214_1344,0.116255264612
2016_1214_1345,0.095069418432
2016_1214_1355,0.214972103279
2016_1214_1371,0.0848001739774
2016_1214_1372,0.279114223606
2016_1214_1380,0.544940736344
2016_1214_1386,0.114158052088
2016_1214_1392,0.248534755614
2016_1214_1393,0.191138086324
2016_1214_1396,0.191303192588
2016_1214_1400,0.138998299925
2016_1214_1401,0.12309001927
2016_1214_1403,0.151622442954
2016_1214_1409,0.14961975646
2016_1214_1421,0.472356018179
2016_1214_1423,0.162263033489
2016_1214_1425,0.133419144849
2016_1214_1428,0.0693705799152
2016_1214_1433,0.159214676755
2016_1214_1435,0.205996361674
2016_1214_1437,0.0304175879719
2016_1214_1438,0.0367596839625
2016_1214_1451,0.390121982519
2016_1214_1452,0.0788845064955
2016_1214_1453,0.40289803139
2016_1214_1455,0.143264562404
2016_1214_1458,0.171892836833
2016_1214_1462,0.0399418654781
2016_1214_1463,0.207708786688
2016_1218_1221,0.93405292841
2016_1218_1231,0.389789375337
2016_1218_1233,0.60196006211
2016_1218_1234,0.395736648765
2016_1218_1235,0.390884578966
2016_1218_1242,0.159921211625
2016_1218_1246,0.358119451444
2016_1218_1268,0.406359605934
2016_1218_1274,0.227403808061
2016_1218_1276,0.460718013945
2016_1218_1277,0.193402666614
2016_1218_1292,0.58771814092
2016_1218_1314,0.245416280526
2016_1218_1320,0.58938037058
2016_1218_1323,0.420686818867
2016_1218_1328,0.228144173985
2016_1218_1332,0.176373172051
2016_1218_1333,0.475311170475
2016_1218_1338,0.442133565949
2016_1218_1344,0.382961623275
2016_1218_1345,0.295607994698
2016_1218_1355,0.528748904859
2016_1218_1371,0.27656543245
2016_1218_1372,0.604251712246
2016_1218_1380,0.838458051505
2016_1218_1386,0.379374654169
2016_1218_1392,0.569821154748
2016_1218_1393,0.497239131233
2016_1218_1396,0.49746463895
2016_1218_1400,0.420401447581
2016_1218_1401,0.394489940207
2016_1218_1403,0.440094569566
2016_1218_1409,0.437019769436
2016_1218_1421,0.785890530504
2016_1218_1423,0.456130219632
2016_1218_1425,0.411456995399
2016_1218_1428,0.246713435391
2016_1218_1433,0.451587362044
2016_1218_1435,0.51712425169
2016_1218_1437,0.163949630316
2016_1218_1438,0.178209245468
2016_1218_1451,0.715656975358
2016_1218_1452,0.265301048677
2016_1218_1453,0.727433506354
2016_1218_1455,0.427140070999
2016_1218_1458,0.470219488686
2016_1218_1462,0.185243117785
2016_1218_1463,0.519364079234
2016_1221_1231,0.027302142147
2016_1221_1233,0.115516268718
2016_1221_1234,0.0290996294462
2016_1221_1235,0.0276310403422
2016_1221_1242,0.02
2016_1221_1246,0.02
2016_1221_1268,0.0323817325037
2016_1221_1274,0.02
2016_1221_1276,0.050757605453
2016_1221_1277,0.02
2016_1221_1292,0.107514057236
2016_1221_1314,0.02
2016_1221_1320,0.108427104548
2016_1221_1323,0.0369595525119
2016_1221_1328,0.02
2016_1221_1332,0.02
2016_1221_1333,0.0561942782675
2016_1221_1338,0.0441580526664
2016_1221_1344,0.0252728681134
2016_1221_1345,0.02
2016_1221_1355,0.0782792151488
2016_1221_1371,0.02
2016_1221_1372,0.116842835788
2016_1221_1380,0.278334702658
2016_1221_1386,0.0242211760904
2016_1221_1392,0.0980142806781
2016_1221_1393,0.0648199217776
2016_1221_1396,0.0649116352977
2016_1221_1400,0.036866618306
2016_1221_1401,0.0287204863352
2016_1221_1403,0.0434549882315
2016_1221_1409,0.042402363475
2016_1221_1421,0.217633059041
2016_1221_1423,0.0490956079809
2016_1221_1425,0.03399011806
2016_1221_1428,0.02
2016_1221_1433,0.0474713754166
2016_1221_1435,0.0731580030151
2016_1221_1437,0.02
2016_1221_1438,0.02
2016_1221_1451,0.157053997197
2016_1221_1452,0.02
2016_1221_1453,0.165957701959
2016_1221_1455,0.0390806883879
2016_1221_1458,0.0542708984395
2016_1221_1462,0.02
2016_1221_1463,0.0741300912678
2016_1231_1233,0.75304416291
2016_1231_1234,0.506233769922
2016_1231_1235,0.501150515892
2016_1231_1242,0.2437577481
2016_1231_1246,0.466217023001
2016_1231_1268,0.517283681616
2016_1231_1274,0.375386056452
2016_1231_1276,0.57217853549
2016_1231_1277,0.284942077041
2016_1231_1292,0.740559811103
2016_1231_1314,0.396271705427
2016_1231_1320,0.742024682289
2016_1231_1323,0.532016870294
2016_1231_1328,0.376251763603
2016_1231_1332,0.264167476096
2016_1231_1333,0.586462815584
2016_1231_1338,0.553714413364
2016_1231_1344,0.492800769558
2016_1231_1345,0.452591871106
2016_1231_1355,0.637220403757
2016_1231_1371,0.431541904869
2016_1231_1372,0.755039006211
2016_1231_1380,0.903691616357
2016_1231_1386,0.489000320829
2016_1231_1392,0.724655820968
2016_1231_1393,0.607580662516
2016_1231_1396,0.607795715643
2016_1231_1400,0.531725295364
2016_1231_1401,0.504929837237
2016_1231_1403,0.551669701074
2016_1231_1409,0.548579131673
2016_1231_1421,0.863500081167
2016_1231_1423,0.567649124584
2016_1231_1425,0.522547705457
2016_1231_1428,0.397761706267
2016_1231_1433,0.563145631738
2016_1231_1435,0.62638078504
2016_1231_1437,0.248786583822
2016_1231_1438,0.266424381217
2016_1231_1451,0.807092462962
2016_1231_1452,0.418908956551
2016_1231_1453,0.816776766085
2016_1231_1455,0.538590171439
2016_1231_1458,0.581500057116
2016_1231_1462,0.275032155583
2016_1231_1463,0.628477920608
2016_1233_1234,0.252188152334
2016_1233_1235,0.247917573837
2016_1233_1242,0.0994350526494
2016_1233_1246,0.219497381696
2016_1233_1268,0.26159485154
2016_1233_1274,0.152455936004
2016_1233_1276,0.360985135067
2016_1233_1277,0.12541110522
2016_1233_1292,0.48522973158
2016_1233_1314,0.167063749782
2016_1233_1320,0.486944454742
2016_1233_1323,0.274406746001
2016_1233_1328,0.15305248178
2016_1233_1332,0.112119293534
2016_1233_1333,0.374613693342
2016_1233_1338,0.293858539562
2016_1233_1344,0.240978814113
2016_1233_1345,0.208833574826
2016_1233_1355,0.425920320581
2016_1233_1371,0.192798225237
2016_1233_1372,0.502393474583
2016_1233_1380,0.761363897958
2016_1233_1386,0.237851476119
2016_1233_1392,0.46691914548
2016_1233_1393,0.395396910092
2016_1233_1396,0.39561257435
2016_1233_1400,0.274150141553
2016_1233_1401,0.251089307365
2016_1233_1403,0.291994919616
2016_1233_1409,0.289190301082
2016_1233_1421,0.648186940117
2016_1233_1423,0.356733518824
2016_1233_1425,0.266136554718
2016_1233_1428,0.168123370925
2016_1233_1433,0.352538920229
2016_1233_1435,0.414567592131
2016_1233_1437,0.102526816729
2016_1233_1438,0.113544386241
2016_1233_1451,0.568312253131
2016_1233_1452,0.183421751018
2016_1233_1453,0.581361161323
2016_1233_1455,0.280224965694
2016_1233_1458,0.369840363062
2016_1233_1462,0.119021644321
2016_1233_1463,0.416746586405
2016_1234_1235,0.494916460694
2016_1234_1242,0.238610966462
2016_1234_1246,0.460016795497
2016_1234_1268,0.511054536538
2016_1234_1274,0.36955747482
2016_1234_1276,0.566063528446
2016_1234_1277,0.279410285015
2016_1234_1292,0.735205950483
2016_1234_1314,0.39032148297
2016_1234_1320,0.736684667255
2016_1234_1323,0.525803561495
2016_1234_1328,0.370417711646
2016_1234_1332,0.258819469107
2016_1234_1333,0.580402253922
2016_1234_1338,0.547544184837
2016_1234_1344,0.486569271249
2016_1234_1345,0.446421299911
2016_1234_1355,0.631436226877
2016_1234_1371,0.425435280935
2016_1234_1372,0.749826766814
2016_1234_1380,0.900549386395
2016_1234_1386,0.482771137073
2016_1234_1392,0.719158623505
2016_1234_1393,0.601619356471
2016_1234_1396,0.60183553561
2016_1234_1400,0.525511567965
2016_1234_1401,0.498695767551
2016_1234_1403,0.545494407481
2016_1234_1409,0.54239657948
2016_1234_1421,0.859687096291
2016_1234_1423,0.561518990014
2016_1234_1425,0.516322973551
2016_1234_1428,0.391803630249
2016_1234_1433,0.557001475569
2016_1234_1435,0.620526701775
2016_1234_1437,0.243588321282
2016_1234_1438,0.261055380042
2016_1234_1451,0.80247712498
2016_1234_1452,0.412851266886
2016_1234_1453,0.812287659473
2016_1234_1455,0.532387427548
2016_1234_1458,0.575419419317
2016_1234_1462,0.269585383422
2016_1234_1463,0.622636900495
2016_1235_1242,0.242803756605
2016_1235_1246,0.465071776782
2016_1235_1268,0.516134287806
2016_1235_1274,0.374307471559
2016_1235_1276,0.57105146266
2016_1235_1277,0.283917574803
2016_1235_1292,0.739575408745
2016_1235_1314,0.395171076703
2016_1235_1320,0.741042855098
2016_1235_1323,0.53087074222
2016_1235_1328,0.375172185354
2016_1235_1332,0.263176595014
2016_1235_1333,0.585346102872
2016_1235_1338,0.552576734686
2016_1235_1344,0.49165036891
2016_1235_1345,0.451451787288
2016_1235_1355,0.636155720433
2016_1235_1371,0.430413153857
2016_1235_1372,0.754080927192
2016_1235_1380,0.903115790245
2016_1235_1386,0.487850258629
2016_1235_1392,0.723644734908
2016_1235_1393,0.606482711443
2016_1235_1396,0.606697976773
2016_1235_1400,0.530579083272
2016_1235_1401,0.503779245669
2016_1235_1403,0.550531041076
2016_1235_1409,0.547439061518
2016_1235_1421,0.862800759619
2016_1235_1423,0.566519159285
2016_1235_1425,0.521399248961
2016_1235_1428,0.396659658136
2016_1235_1433,0.56201297793
2016_1235_1435,0.625302995722
2016_1235_1437,0.247823147914
2016_1235_1438,0.265429655724
2016_1235_1451,0.80624500596
2016_1235_1452,0.417788963554
2016_1235_1453,0.815952650934
2016_1235_1455,0.537446145278
2016_1235_1458,0.580379531852
2016_1235_1462,0.274023196978
2016_1235_1463,0.627402582361
2016_1242_1246,0.727403390604
2016_1242_1268,0.770383498241
2016_1242_1274,0.590981326252
2016_1242_1276,0.812773815321
2016_1242_1277,0.547676182246
2016_1242_1292,0.892896607495
2016_1242_1314,0.612107158672
2016_1242_1320,0.893803441902
2016_1242_1323,0.782127851134
2016_1242_1328,0.591873095559
2016_1242_1332,0.524105083649
2016_1242_1333,0.823216667674
2016_1242_1338,0.798925983265
2016_1242_1344,0.750232129646
2016_1242_1345,0.715298900825
2016_1242_1355,0.858535553262
2016_1242_1371,0.646031289434
2016_1242_1372,0.901777699861
2016_1242_1380,0.98
2016_1242_1386,0.74703040519
2016_1242_1392,0.88292787214
2016_1242_1393,0.83824121513
2016_1242_1396,0.838391744495
2016_1242_1400,0.78189812476
2016_1242_1401,0.760316641266
2016_1242_1403,0.797367592927
2016_1242_1409,0.795002501582
2016_1242_1421,0.962943576073
2016_1242_1423,0.80941380747
2016_1242_1425,0.774611821038
2016_1242_1428,0.613583911262
2016_1242_1433,0.806049363763
2016_1242_1435,0.851217905283
2016_1242_1437,0.506029623251
2016_1242_1438,0.526711894243
2016_1242_1451,0.932259888611
2016_1242_1452,0.634123656271
2016_1242_1453,0.937694221953
2016_1242_1455,0.787278405591
2016_1242_1458,0.819614671216
2016_1242_1462,0.536550052724
2016_1242_1463,0.852642879143
2016_1246_1268,0.550947571923
2016_1246_1274,0.407613212092
2016_1246_1276,0.604937895618
2016_1246_1277,0.365730132797
2016_1246_1292,0.768710751568
2016_1246_1314,0.429060227206
2016_1246_1320,0.770096373953
2016_1246_1323,0.565516296726
2016_1246_1328,0.408504633657
2016_1246_1332,0.294033759885
2016_1246_1333,0.618856990004
2016_1246_1338,0.586866771911
2016_1246_1344,0.526609538404
2016_1246_1345,0.486286902381
2016_1246_1355,0.717890132089
2016_1246_1371,0.465001016573
2016_1246_1372,0.782383192621
2016_1246_1380,0.919799950888
2016_1246_1386,0.522817118216
2016_1246_1392,0.753632664957
2016_1246_1393,0.63933791406
2016_1246_1396,0.639545888483
2016_1246_1400,0.565228536854
2016_1246_1401,0.538686946848
2016_1246_1403,0.58486007254
2016_1246_1409,0.581824868353
2016_1246_1421,0.883168689722
2016_1246_1423,0.600513162482
2016_1246_1425,0.556159474766
2016_1246_1428,0.430585585254
2016_1246_1433,0.596108423799
2016_1246_1435,0.707474316115
2016_1246_1437,0.277889740242
2016_1246_1438,0.296396852329
2016_1246_1451,0.83110924505
2016_1246_1452,0.452167694163
2016_1246_1453,0.840101502785
2016_1246_1455,0.571997603962
2016_1246_1458,0.614027132341
2016_1246_1462,0.355396069608
2016_1246_1463,0.709491798813
2016_1268_1274,0.359314321341
2016_1268_1276,0.555170068288
2016_1268_1277,0.269715585586
2016_1268_1292,0.725589319697
2016_1268_1314,0.379849566248
2016_1268_1320,0.727091921515
2016_1268_1323,0.514765784559
2016_1268_1328,0.360164336182
2016_1268_1332,0.249460151418
2016_1268_1333,0.569595058313
2016_1268_1338,0.536566435022
2016_1268_1344,0.475529179524
2016_1268_1345,0.435519440677
2016_1268_1355,0.621085339669
2016_1268_1371,0.414662027551
2016_1268_1372,0.740455010204
2016_1268_1380,0.894840047174
2016_1268_1386,0.471738043386
2016_1268_1392,0.70929551987
2016_1268_1393,0.590973517291
2016_1268_1396,0.591191547851
2016_1268_1400,0.514473270399
2016_1268_1401,0.487641855641
2016_1268_1403,0.534509204836
2016_1268_1409,0.531400822394
2016_1268_1421,0.852778692321
2016_1268_1423,0.550602016916
2016_1268_1425,0.505272154253
2016_1268_1428,0.381316819317
2016_1268_1433,0.54606295353
2016_1268_1435,0.610058635731
2016_1268_1437,0.234500605858
2016_1268_1438,0.251657873619
2016_1268_1451,0.794148209885
2016_1268_1452,0.40217362463
2016_1268_1453,0.804181017776
2016_1268_1455,0.521363397952
2016_1268_1458,0.564580165253
2016_1268_1462,0.260046146715
2016_1268_1463,0.612190665616
2016_1274_1276,0.73995807182
2016_1274_1277,0.455930072232
2016_1274_1292,0.83783358837
2016_1274_1314,0.522024248845
2016_1274_1320,0.838978687375
2016_1274_1323,0.704170274247
2016_1274_1328,0.500922467794
2016_1274_1332,0.432531750398
2016_1274_1333,0.752355532607
2016_1274_1338,0.723678119205
2016_1274_1344,0.617837432123
2016_1274_1345,0.579074265203
2016_1274_1355,0.795071735507
2016_1274_1371,0.558139624035
2016_1274_1372,0.849085450768
2016_1274_1380,0.95661876355
2016_1274_1386,0.614240487647
2016_1274_1392,0.825302325902
2016_1274_1393,0.770376941705
2016_1274_1396,0.770558610367
2016_1274_1400,0.703905296236
2016_1274_1401,0.629226093213
2016_1274_1403,0.721857314113
2016_1274_1409,0.719098300883
2016_1274_1421,0.928904144423
2016_1274_1423,0.735991290949
2016_1274_1425,0.645525939962
2016_1274_1428,0.523577023585
2016_1274_1433,0.73202999234
2016_1274_1435,0.786120161054
2016_1274_1437,0.414861329933
2016_1274_1438,0.435099516456
2016_1274_1451,0.888347363649
2016_1274_1452,0.545356063798
2016_1274_1453,0.895453457442
2016_1274_1455,0.71012391596
2016_1274_1458,0.748067539597
2016_1274_1462,0.444834801807
2016_1274_1463,0.787859110402
2016_1276_1277,0.223554598853
2016_1276_1292,0.625273375968
2016_1276_1314,0.279207914585
2016_1276_1320,0.626880318404
2016_1276_1323,0.459463511031
2016_1276_1328,0.260831703334
2016_1276_1332,0.205126895253
2016_1276_1333,0.514649870865
2016_1276_1338,0.481244906249
2016_1276_1344,0.420786765504
2016_1276_1345,0.382027953368
2016_1276_1355,0.567724844528
2016_1276_1371,0.362089043886
2016_1276_1372,0.641220279136
2016_1276_1380,0.863529303559
2016_1276_1386,0.417084989087
2016_1276_1392,0.60791906317
2016_1276_1393,0.536536850465
2016_1276_1396,0.536761152912
2016_1276_1400,0.459172684702
2016_1276_1401,0.432655333916
2016_1276_1403,0.479180468952
2016_1276_1409,0.476064777518
2016_1276_1421,0.815337689105
2016_1276_1423,0.495380244214
2016_1276_1425,0.450043847728
2016_1276_1428,0.280583829407
2016_1276_1433,0.490799241524
2016_1276_1435,0.556254756794
2016_1276_1437,0.191618173646
2016_1276_1438,0.207118674486
2016_1276_1451,0.749739765788
2016_1276_1452,0.350236592091
2016_1276_1453,0.760837299331
2016_1276_1455,0.466033076822
2016_1276_1458,0.509546027001
2016_1276_1462,0.21473794904
2016_1276_1463,0.55846805189
2016_1277_1292,0.865876088418
2016_1277_1314,0.565838375092
2016_1277_1320,0.866905011446
2016_1277_1323,0.742994992211
2016_1277_1328,0.544984890638
2016_1277_1332,0.476319854841
2016_1277_1333,0.787937786697
2016_1277_1338,0.761279370835
2016_1277_1344,0.708612431526
2016_1277_1345,0.621451080882
2016_1277_1355,0.827167560781
2016_1277_1371,0.601172466385
2016_1277_1372,0.875969283027
2016_1277_1380,0.970544569313
2016_1277_1386,0.705185078436
2016_1277_1392,0.854590295146
2016_1277_1393,0.804557670025
2016_1277_1396,0.804724692822
2016_1277_1400,0.742745789929
2016_1277_1401,0.71943610375
2016_1277_1403,0.759577925009
2016_1277_1409,0.756997752256
2016_1277_1421,0.94649112019
2016_1277_1423,0.772757619626
2016_1277_1425,0.734853598899
2016_1277_1428,0.567366776215
2016_1277_1433,0.769070193564
2016_1277_1435,0.818993575485
2016_1277_1437,0.458305307414
2016_1277_1438,0.478928180335
2016_1277_1451,0.910892219754
2016_1277_1452,0.588716485077
2016_1277_1453,0.917164294819
2016_1277_1455,0.748588208561
2016_1277_1458,0.783968243928
2016_1277_1462,0.488795582774
2016_1277_1463,0.820583406587
2016_1292_1314,0.17727513677
2016_1292_1320,0.501716098603
2016_1292_1323,0.287491154829
2016_1292_1328,0.162783870783
2016_1292_1332,0.120308165226
2016_1292_1333,0.388558456385
2016_1292_1338,0.357312562778
2016_1292_1344,0.253320289461
2016_1292_1345,0.220331481189
2016_1292_1355,0.440429919046
2016_1292_1371,0.20382775874
2016_1292_1372,0.51716136797
2016_1292_1380,0.773345161964
2016_1292_1386,0.250116454634
2016_1292_1392,0.481653608373
2016_1292_1393,0.409608603792
2016_1292_1396,0.409826765269
2016_1292_1400,0.287229366833
2016_1292_1401,0.26366989506
2016_1292_1403,0.355415523089
2016_1292_1409,0.352559815209
2016_1292_1421,0.71154293986
2016_1292_1423,0.370406915541
2016_1292_1425,0.279049862723
2016_1292_1428,0.178370066069
2016_1292_1433,0.36614305332
2016_1292_1435,0.428979439139
2016_1292_1437,0.110323871072
2016_1292_1438,0.12179048261
2016_1292_1451,0.582748601977
2016_1292_1452,0.194162688705
2016_1292_1453,0.595671595631
2016_1292_1455,0.293424753713
2016_1292_1458,0.383716463059
2016_1292_1462,0.12748531064
2016_1292_1463,0.431178392473
2016_1314_1320,0.823928094196
2016_1314_1323,0.633965471735
2016_1314_1328,0.478896433739
2016_1314_1332,0.411036211573
2016_1314_1333,0.73360432255
2016_1314_1338,0.70401024458
2016_1314_1344,0.596818197984
2016_1314_1345,0.557450157026
2016_1314_1355,0.777969308578
2016_1314_1371,0.536301237855
2016_1314_1372,0.834558863253
2016_1314_1380,0.948883242211
2016_1314_1386,0.593153693072
2016_1314_1392,0.809573543973
2016_1314_1393,0.752279805866
2016_1314_1396,0.752468375952
2016_1314_1400,0.633693681348
2016_1314_1401,0.60843626322
2016_1314_1403,0.702136364166
2016_1314_1409,0.649298090388
2016_1314_1421,0.919204011481
2016_1314_1423,0.716698379222
2016_1314_1425,0.625105528717
2016_1314_1428,0.501555936343
2016_1314_1433,0.712613398104
2016_1314_1435,0.768643974055
2016_1314_1437,0.393634801468
2016_1314_1438,0.413569369378
2016_1314_1451,0.876041521101
2016_1314_1452,0.523425346492
2016_1314_1453,0.883581184259
2016_1314_1455,0.640075570275
2016_1314_1458,0.729169588469
2016_1314_1462,0.423183802098
2016_1314_1463,0.770454354999
2016_1320_1323,0.285958030955
2016_1320_1328,0.161636286334
2016_1320_1332,0.119340382445
2016_1320_1333,0.386928835516
2016_1320_1338,0.355737745043
2016_1320_1344,0.251871664213
2016_1320_1345,0.218979578424
2016_1320_1355,0.438738850867
2016_1320_1371,0.202529825646
2016_1320_1372,0.515447068766
2016_1320_1380,0.771969354785
2016_1320_1386,0.248676570727
2016_1320_1392,0.479940015768
2016_1320_1393,0.407949601175
2016_1320_1396,0.408167489929
2016_1320_1400,0.285696829598
2016_1320_1401,0.262193991001
2016_1320_1403,0.35384446304
2016_1320_1409,0.350994504679
2016_1320_1421,0.710004250861
2016_1320_1423,0.368807503959
2016_1320_1425,0.27753612723
2016_1320_1428,0.177162678815
2016_1320_1433,0.364551392397
2016_1320_1435,0.427298763439
2016_1320_1437,0.109401924179
2016_1320_1438,0.120816010688
2016_1320_1451,0.581078537749
2016_1320_1452,0.192898089327
2016_1320_1453,0.594017221136
2016_1320_1455,0.291878584785
2016_1320_1458,0.382094459343
2016_1320_1462,0.126485418784
2016_1320_1463,0.429495581543
2016_1323_1328,0.296664821567
2016_1323_1332,0.237214574381
2016_1323_1333,0.555055422272
2016_1323_1338,0.521847676641
2016_1323_1344,0.460819864167
2016_1323_1345,0.421054159234
2016_1323_1355,0.607085243407
2016_1323_1371,0.400398115247
2016_1323_1372,0.727687875762
2016_1323_1380,0.886936679664
2016_1323_1386,0.457043804416
2016_1323_1392,0.645902311672
2016_1323_1393,0.576619267019
2016_1323_1396,0.576839470301
2016_1323_1400,0.499707076057
2016_1323_1401,0.472895695641
2016_1323_1403,0.51978358467
2016_1323_1409,0.516665787678
2016_1323_1421,0.843257139948
2016_1323_1423,0.535943498974
2016_1323_1425,0.490503253092
2016_1323_1428,0.367479825472
2016_1323_1433,0.531382390153
2016_1323_1435,0.595916192951
2016_1323_1437,0.222628691207
2016_1323_1438,0.239359547797
2016_1323_1451,0.782738427411
2016_1323_1452,0.388054501235
2016_1323_1453,0.793064169633
2016_1323_1455,0.506605789218
2016_1323_1458,0.550004957645
2016_1323_1462,0.247551551242
2016_1323_1463,0.598074603655
2016_1328_1332,0.431626140625
2016_1328_1333,0.75158344081
2016_1328_1338,0.722866286098
2016_1328_1344,0.616965664099
2016_1328_1345,0.578174444121
2016_1328_1355,0.794370120749
2016_1328_1371,0.557229269056
2016_1328_1372,0.848492287967
2016_1328_1380,0.956305848684
2016_1328_1386,0.613365649146
2016_1328_1392,0.824658748479
2016_1328_1393,0.769632936784
2016_1328_1396,0.769814900816
2016_1328_1400,0.703069604287
2016_1328_1401,0.628364677635
2016_1328_1403,0.72104316308
2016_1328_1409,0.718280684284
2016_1328_1421,0.928510804362
2016_1328_1423,0.735195776331
2016_1328_1425,0.644681009183
2016_1328_1428,0.522656360496
2016_1328_1433,0.73122910552
2016_1328_1435,0.785402658915
2016_1328_1437,0.413965728083
2016_1328_1438,0.43419264402
2016_1328_1451,0.887846592738
2016_1328_1452,0.544440868216
2016_1328_1453,0.894970629161
2016_1328_1455,0.709295416069
2016_1328_1458,0.747289118696
2016_1328_1462,0.4439235839
2016_1328_1463,0.787144648163
2016_1332_1333,0.805851561888
2016_1332_1338,0.78034955038
2016_1332_1344,0.729594273576
2016_1332_1345,0.643480529187
2016_1332_1355,0.843151385251
2016_1332_1371,0.623667381765
2016_1332_1372,0.889176935981
2016_1332_1380,0.977207212994
2016_1332_1386,0.726274028613
2016_1332_1392,0.869065033258
2016_1332_1393,0.821686857764
2016_1332_1396,0.821845748711
2016_1332_1400,0.762545397465
2016_1332_1401,0.740065765215
2016_1332_1403,0.778717623726
2016_1332_1409,0.776241889595
2016_1332_1421,0.954962504696
2016_1332_1423,0.791345351007
2016_1332_1425,0.75494516966
2016_1332_1428,0.590469519477
2016_1332_1433,0.787815466805
2016_1332_1435,0.835401821642
2016_1332_1437,0.48191390778
2016_1332_1438,0.502613424775
2016_1332_1451,0.92186065563
2016_1332_1452,0.611459889617
2016_1332_1453,0.927708438117
2016_1332_1455,0.768164497685
2016_1332_1458,0.802062196187
2016_1332_1462,0.512488865242
2016_1332_1463,0.836910019723
2016_1333_1338,0.466631591199
2016_1333_1344,0.406570466777
2016_1333_1345,0.368288507013
2016_1333_1355,0.553286332023
2016_1333_1371,0.298662104028
2016_1333_1372,0.627626463655
2016_1333_1380,0.854473343739
2016_1333_1386,0.402906758745
2016_1333_1392,0.59386266705
2016_1333_1393,0.521933823527
2016_1333_1396,0.522158899133
2016_1333_1400,0.444655107663
2016_1333_1401,0.418327656669
2016_1333_1403,0.464573701351
2016_1333_1409,0.461468832925
2016_1333_1421,0.804647152215
2016_1333_1423,0.480735470938
2016_1333_1425,0.435582437
2016_1333_1428,0.267743245812
2016_1333_1433,0.476162105538
2016_1333_1435,0.541742373098
2016_1333_1437,0.181040544131
2016_1333_1438,0.196082649596
2016_1333_1451,0.737281862987
2016_1333_1452,0.287016963693
2016_1333_1453,0.74864153815
2016_1333_1455,0.451479666092
2016_1333_1458,0.494893181743
2016_1333_1462,0.203486481033
2016_1333_1463,0.54396871007
2016_1338_1344,0.439180300933
2016_1338_1345,0.399896977571
2016_1338_1355,0.58604264744
2016_1338_1371,0.379598321529
2016_1338_1372,0.708298177519
2016_1338_1380,0.874648239125
2016_1338_1386,0.435438358584
2016_1338_1392,0.625656698019
2016_1338_1393,0.555140670909
2016_1338_1396,0.555363431165
2016_1338_1400,0.4778598329
2016_1338_1401,0.451163563548
2016_1338_1403,0.497932199702
2016_1338_1409,0.494810419422
2016_1338_1421,0.828547987088
2016_1338_1423,0.514140105199
2016_1338_1425,0.468681435463
2016_1338_1428,0.297399299874
2016_1338_1433,0.509560801167
2016_1338_1435,0.574694489796
2016_1338_1437,0.205636448716
2016_1338_1438,0.221714055278
2016_1338_1451,0.765269038987
2016_1338_1452,0.367502917677
2016_1338_1453,0.776017347683
2016_1338_1455,0.484749175176
2016_1338_1458,0.528280734397
2016_1338_1462,0.229603052797
2016_1338_1463,0.576885771003
2016_1344_1345,0.45973604003
2016_1344_1355,0.643851116723
2016_1344_1371,0.438620039965
2016_1344_1372,0.760992356568
2016_1344_1380,0.907252105739
2016_1344_1386,0.496198253513
2016_1344_1392,0.730944898275
2016_1344_1393,0.614425315317
2016_1344_1396,0.614638996534
2016_1344_1400,0.538888904176
2016_1344_1401,0.512127252521
2016_1344_1403,0.558781376632
2016_1344_1409,0.555700348724
2016_1344_1421,0.867829938371
2016_1344_1423,0.574702735977
2016_1344_1425,0.529727540379
2016_1344_1428,0.404680211231
2016_1344_1433,0.570217087555
2016_1344_1435,0.633095543295
2016_1344_1437,0.254855001477
2016_1344_1438,0.272686176238
2016_1344_1451,0.812349329303
2016_1344_1452,0.425935141479
2016_1344_1453,0.821887197602
2016_1344_1455,0.545738480823
2016_1344_1458,0.588491511491
2016_1344_1462,0.28138171433
2016_1344_1463,0.6351769406
2016_1345_1355,0.729945916166
2016_1345_1371,0.478672989512
2016_1345_1372,0.792998699855
2016_1345_1380,0.92588829488
2016_1345_1386,0.536484371469
2016_1345_1392,0.764944735876
2016_1345_1393,0.701889947443
2016_1345_1396,0.702094622495
2016_1345_1400,0.578660015203
2016_1345_1401,0.552288903048
2016_1345_1403,0.598116284617
2016_1345_1409,0.595110904256
2016_1345_1421,0.89065616279
2016_1345_1423,0.613599766814
2016_1345_1425,0.569657813532
2016_1345_1428,0.444085606944
2016_1345_1433,0.609245429446
2016_1345_1435,0.719721225854
2016_1345_1437,0.290093048782
2016_1345_1438,0.358921123582
2016_1345_1451,0.840345237543
2016_1345_1452,0.465790855784
2016_1345_1453,0.849055679964
2016_1345_1455,0.585373363996
2016_1345_1458,0.626946053898
2016_1345_1462,0.368062487662
2016_1345_1463,0.721702593041
2016_1355_1371,0.251770112579
2016_1355_1372,0.576419006852
2016_1355_1380,0.818619677022
2016_1355_1386,0.352669476805
2016_1355_1392,0.541404745867
2016_1355_1393,0.468500279758
2016_1355_1396,0.468724905124
2016_1355_1400,0.392635354206
2016_1355_1401,0.367350546669
2016_1355_1403,0.411952264926
2016_1355_1409,0.40893048248
2016_1355_1421,0.762917343985
2016_1355_1423,0.427745876686
2016_1355_1425,0.383890375889
2016_1355_1428,0.223264972793
2016_1355_1433,0.423265707351
2016_1355_1435,0.488352463006
2016_1355_1437,0.145226154999
2016_1355_1438,0.158568979145
2016_1355_1451,0.639566842389
2016_1355_1452,0.240991440318
2016_1355_1453,0.701781611994
2016_1355_1455,0.399235480073
2016_1355_1458,0.441670393311
2016_1355_1462,0.165166263902
2016_1355_1463,0.490594282535
2016_1371_1372,0.808957490626
2016_1371_1380,0.93487377474
2016_1371_1386,0.557631878816
2016_1371_1392,0.78201725439
2016_1371_1393,0.72100110573
2016_1371_1396,0.721200211685
2016_1371_1400,0.599320426552
2016_1371_1401,0.573288868337
2016_1371_1403,0.618451717292
2016_1371_1409,0.61550064977
2016_1371_1421,0.901760690013
2016_1371_1423,0.633631634373
2016_1371_1425,0.590447226084
2016_1371_1428,0.465246716929
2016_1371_1433,0.629366682543
2016_1371_1435,0.738321493959
2016_1371_1437,0.359503377337
2016_1371_1438,0.378789221349
2016_1371_1451,0.854139010465
2016_1371_1452,0.48708003178
2016_1371_1453,0.862412389498
2016_1371_1455,0.60592876615
2016_1371_1458,0.64668442212
2016_1371_1462,0.388130244545
2016_1371_1463,0.740242886368
2016_1372_1380,0.759394395517
2016_1372_1386,0.235893116718
2016_1372_1392,0.464537200622
2016_1372_1393,0.393110766941
2016_1372_1396,0.393325995457
2016_1372_1400,0.272056509165
2016_1372_1401,0.249078709107
2016_1372_1403,0.289843986255
2016_1372_1409,0.28704797169
2016_1372_1421,0.646000874555
2016_1372_1423,0.354539834763
2016_1372_1425,0.264070628378
2016_1372_1428,0.166495182778
2016_1372_1433,0.350356981441
2016_1372_1435,0.41224618388
2016_1372_1437,0.101293528924
2016_1372_1438,0.112239067834
2016_1372_1451,0.565962213007
2016_1372_1452,0.181713210016
2016_1372_1453,0.579029538189
2016_1372_1455,0.278111145426
2016_1372_1458,0.367612140602
2016_1372_1462,0.117681373219
2016_1372_1463,0.414421613978
2016_1380_1386,0.0908971362009
2016_1380_1392,0.212206092353
2016_1380_1393,0.159705944206
2016_1380_1396,0.159855480549
2016_1380_1400,0.112903567825
2016_1380_1401,0.0987887570578
2016_1380_1403,0.124159014054
2016_1380_1409,0.122370222227
2016_1380_1421,0.427774359681
2016_1380_1423,0.133683686852
2016_1380_1425,0.107944699783
2016_1380_1428,0.0516839155846
2016_1380_1433,0.130951483385
2016_1380_1435,0.173197098614
2016_1380_1437,0.02
2016_1380_1438,0.0235015589948
2016_1380_1451,0.298180144133
2016_1380_1452,0.0599642233576
2016_1380_1453,0.360394313996
2016_1380_1455,0.116701870265
2016_1380_1458,0.142333491526
2016_1380_1462,0.0262380528068
2016_1380_1463,0.17475640043
2016_1386_1392,0.734239618059
2016_1386_1393,0.618021622293
2016_1386_1396,0.618234548823
2016_1386_1400,0.542665341067
2016_1386_1401,0.515925983456
2016_1386_1403,0.562527153469
2016_1386_1409,0.55945166009
2016_1386_1421,0.870084594074
2016_1386_1423,0.578415325665
2016_1386_1425,0.533514058043
2016_1386_1428,0.408349031379
2016_1386_1433,0.573939804911
2016_1386_1435,0.636620699093
2016_1386_1437,0.258087166935
2016_1386_1438,0.276018729226
2016_1386_1451,0.815093417612
2016_1386_1452,0.429657584151
2016_1386_1453,0.824553723337
2016_1386_1455,0.549505716036
2016_1386_1458,0.592169150953
2016_1386_1462,0.284759685782
2016_1386_1463,0.638693511344
2016_1392_1393,0.427474011732
2016_1392_1396,0.427694795376
2016_1392_1400,0.353829857908
2016_1392_1401,0.279687544693
2016_1392_1403,0.372408219598
2016_1392_1409,0.36949424306
2016_1392_1421,0.727781843665
2016_1392_1423,0.387685272949
2016_1392_1425,0.295457580355
2016_1392_1428,0.191564969717
2016_1392_1433,0.383343617485
2016_1392_1435,0.447049974586
2016_1392_1437,0.120455667448
2016_1392_1438,0.132489432098
2016_1392_1451,0.600484904813
2016_1392_1452,0.207965016624
2016_1392_1453,0.613223167076
2016_1392_1455,0.36016448942
2016_1392_1458,0.401220022126
2016_1392_1462,0.138458224196
2016_1392_1463,0.449268678257
2016_1393_1396,0.500225407699
2016_1393_1400,0.423094609351
2016_1393_1401,0.397130844356
2016_1393_1403,0.442817503572
2016_1393_1409,0.439738620456
2016_1393_1421,0.788031233275
2016_1393_1423,0.458871056899
2016_1393_1425,0.41413379917
2016_1393_1428,0.249023023882
2016_1393_1433,0.454323704875
2016_1393_1435,0.519881254503
2016_1393_1437,0.165812682398
2016_1393_1438,0.180160110779
2016_1393_1451,0.718110204011
2016_1393_1452,0.267689964326
2016_1393_1453,0.729841885336
2016_1393_1455,0.429844386523
2016_1393_1458,0.472971362278
2016_1393_1462,0.187235629879
2016_1393_1463,0.52212011154
2016_1396_1400,0.422874452372
2016_1396_1401,0.396914902474
2016_1396_1403,0.442594957293
2016_1396_1409,0.439516400947
2016_1396_1421,0.787856796516
2016_1396_1423,0.458647083825
2016_1396_1425,0.413914959537
2016_1396_1428,0.24883398543
2016_1396_1433,0.454100088766
2016_1396_1435,0.519656099758
2016_1396_1437,0.165660064328
2016_1396_1438,0.180000322372
2016_1396_1451,0.717910158707
2016_1396_1452,0.26749446992
2016_1396_1453,0.729645520651
2016_1396_1455,0.42962333288
2016_1396_1458,0.472746519488
2016_1396_1462,0.187072442005
2016_1396_1463,0.521895041164
2016_1400_1401,0.47318760064
2016_1400_1403,0.52007587559
2016_1400_1409,0.51695821274
2016_1400_1421,0.84344912226
2016_1400_1423,0.536234729848
2016_1400_1425,0.490795906753
2016_1400_1428,0.367752058685
2016_1400_1433,0.531673982168
2016_1400_1435,0.596198143978
2016_1400_1437,0.222860969807
2016_1400_1438,0.239600405592
2016_1400_1451,0.78296768988
2016_1400_1452,0.38833261868
2016_1400_1453,0.793287677709
2016_1400_1455,0.506898491874
2016_1400_1458,0.550294768553
2016_1400_1462,0.24779637044
2016_1400_1463,0.598356063704
2016_1401_1403,0.546787500946
2016_1401_1409,0.543691113905
2016_1401_1421,0.86048967536
2016_1401_1423,0.562803032297
2016_1401_1425,0.51762567043
2016_1401_1428,0.393047459954
2016_1401_1433,0.558288340436
2016_1401_1435,0.621754344961
2016_1401_1437,0.244671419879
2016_1401_1438,0.262174441047
2016_1401_1451,0.80344750187
2016_1401_1452,0.414116418823
2016_1401_1453,0.813231677358
2016_1401_1455,0.533685933793
2016_1401_1458,0.576693442252
2016_1401_1462,0.270720846274
2016_1401_1463,0.623861855028
2016_1403_1409,0.496877952407
2016_1403_1421,0.829970663844
2016_1403_1423,0.516205876939
2016_1403_1425,0.47074152376
2016_1403_1428,0.299276737566
2016_1403_1433,0.511627548715
2016_1403_1435,0.576714764447
2016_1403_1437,0.20721343196
2016_1403_1438,0.223353796726
2016_1403_1451,0.766950443339
2016_1403_1452,0.369427498175
2016_1403_1453,0.777659447579
2016_1403_1455,0.486815179101
2016_1403_1458,0.530341304535
2016_1403_1462,0.231272015859
2016_1403_1463,0.578903263666
2016_1409_1421,0.832106319344
2016_1409_1423,0.519323931711
2016_1409_1425,0.473853936107
2016_1409_1428,0.352120362329
2016_1409_1433,0.514747372836
2016_1409_1435,0.579760319278
2016_1409_1437,0.209606552124
2016_1409_1438,0.225841319961
2016_1409_1451,0.769477789243
2016_1409_1452,0.372341307052
2016_1409_1453,0.780127166192
2016_1409_1455,0.489935487464
2016_1409_1458,0.533450595658
2016_1409_1462,0.233803452396
2016_1409_1463,0.581944486541
2016_1421_1423,0.181359879444
2016_1421_1425,0.150581739968
2016_1421_1428,0.0815052708536
2016_1421_1433,0.178116688469
2016_1421_1435,0.22764103758
2016_1421_1437,0.0389926476983
2016_1421_1438,0.0459404564543
2016_1421_1451,0.416754724458
2016_1421_1452,0.0918305773019
2016_1421_1453,0.429788321167
2016_1421_1455,0.161110229261
2016_1421_1458,0.191590348331
2016_1421_1462,0.0494227118661
2016_1421_1463,0.229443868208
2016_1423_1425,0.454621752765
2016_1423_1428,0.284686081579
2016_1423_1433,0.495418258441
2016_1423_1435,0.560811336772
2016_1423_1437,0.19502052282
2016_1423_1438,0.210664272151
2016_1423_1451,0.753608038769
2016_1423_1452,0.354453587507
2016_1423_1453,0.764620910465
2016_1423_1455,0.470634440534
2016_1423_1458,0.514163324467
2016_1423_1462,0.218350660886
2016_1423_1463,0.563019758621
2016_1425_1428,0.376353964217
2016_1425_1433,0.540830282653
2016_1425_1435,0.605030082335
2016_1425_1437,0.230227081682
2016_1425_1438,0.247233690789
2016_1425_1451,0.790112194522
2016_1425_1452,0.39711355407
2016_1425_1453,0.800250151238
2016_1425_1455,0.516098315951
2016_1425_1458,0.559388714959
2016_1425_1462,0.255552767654
2016_1425_1463,0.607171902302
2016_1428_1433,0.711220454318
2016_1428_1435,0.767383693602
2016_1428_1437,0.39215007637
2016_1428_1438,0.412060550313
2016_1428_1451,0.87514525806
2016_1428_1452,0.521872406216
2016_1428_1453,0.882715900081
2016_1428_1455,0.638640321653
2016_1428_1458,0.727811762508
2016_1428_1462,0.421665127908
2016_1428_1463,0.769199015213
2016_1433_1435,0.565320280585
2016_1433_1437,0.19842666277
2016_1433_1438,0.214211777036
2016_1433_1451,0.75741580533
2016_1433_1452,0.358658311646
2016_1433_1453,0.768343830005
2016_1433_1455,0.475202837605
2016_1433_1458,0.518740202508
2016_1433_1462,0.221964293607
2016_1433_1463,0.567523514032
2016_1435_1437,0.152651373404
2016_1435_1438,0.166365240476
2016_1435_1451,0.700237284961
2016_1435_1452,0.250698058116
2016_1435_1453,0.712281389091
2016_1435_1455,0.41046247598
2016_1435_1458,0.45319052128
2016_1435_1462,0.173139601326
2016_1435_1463,0.50224259975
2016_1437_1438,0.52069548233
2016_1437_1451,0.929731157925
2016_1437_1452,0.628509630144
2016_1437_1453,0.935267027604
2016_1437_1455,0.782579693769
2016_1437_1458,0.815310193343
2016_1437_1462,0.530547236381
2016_1437_1463,0.848794163312
2016_1438_1451,0.920688134961
2016_1438_1452,0.60897326933
2016_1438_1453,0.926581852116
2016_1438_1455,0.766043644638
2016_1438_1458,0.800107668896
2016_1438_1462,0.509876553728
2016_1438_1463,0.835151723671
2016_1451_1452,0.137847450633
2016_1451_1453,0.513345698592
2016_1451_1455,0.222468186241
2016_1451_1458,0.258344606224
2016_1451_1462,0.0838260319681
2016_1451_1463,0.351805679619
2016_1452_1453,0.870163189667
2016_1452_1455,0.61820166109
2016_1452_1458,0.708403598679
2016_1452_1462,0.400474824637
2016_1452_1463,0.75118486692
2016_1453_1455,0.212013235417
2016_1453_1458,0.247075152308
2016_1453_1462,0.077756770766
2016_1453_1463,0.289728004455
2016_1455_1458,0.543456580253
2016_1455_1462,0.242058105478
2016_1455_1463,0.591706459604
2016_1458_1462,0.207371425916
2016_1458_1463,0.549031368844
2016_1462_1463,0.828411467183
